{"mtx": [[657.4605192920557, 0.0, 309.99393357485997], [0.0, 657.391353176094, 226.13915121235405], [0.0, 0.0, 1.0]], "dist": [[0.05071028167048475, -0.11151406014193802, 0.0030825260495969432, -0.0041276015352301534, 0.0006623229684547426]], "camera_to_robot_matrix": [[0.951303920076805, 0.29184971456523356, -0.09921993627641258, -13.655951193306095], [-0.19164690881280333, 0.8120731895718116, 0.5511883499505059, 3.171561176462811], [0.24143801272583554, -0.5053324439286044, 0.8284605042632649, 30.99589463404252], [0.0, 0.0, 0.0, 1.0]]}