{"mtx": [[432.6793395544799, 0.0, 290.09934054947854], [0.0, 433.0694029481217, 250.3182967871198], [0.0, 0.0, 1.0]], "dist": [[0.19128749252489732, -0.2739461244066514, -0.0019407566057150852, -0.0005324914566922022, 0.14006388558943508]]}