{"mtx": [[629.7284465684645, 0.0, 316.3933535818985], [0.0, 628.6191717523114, 227.63772438998868], [0.0, 0.0, 1.0]], "dist": [[0.05064891255723548, -0.23198757928535998, -0.0010269433468971913, 0.0007068764422280436, 0.2220668913868502]]}